DateTime,Entries,UniqueIPs
1582574902,74,74
1582578505,74,74
1582585726,75,75
1582589346,74,74
1582592910,101,101
1582596526,109,109
1582600132,115,115
1582603721,87,87
1582607324,88,88
1582610925,87,87
1582614502,86,86
1582618106,85,85
1582621692,84,84
1582625324,86,86
1582628905,87,87
1582632510,88,88
1582636078,87,87
1582639728,87,87
1582643376,84,84
1582646897,85,85
1582650504,88,88
1582654102,90,90
1582657696,89,89
1582661308,86,86
1582664917,86,86
1582668501,84,84
1582672116,82,82
1582675685,84,84
1582679304,100,100
1582682902,99,99
1582686500,100,100
1582690116,90,90
1582693703,89,89
1582697320,91,91
1582700941,93,93
1582704517,94,94
1582708111,89,89
1582711716,89,89
1582715322,87,87
1582718913,85,85
1582722528,85,85
1582726139,88,88
1582729721,88,88
1582733333,91,91
1582736938,91,91
1582740521,92,92
1582744113,89,89
1582747710,88,88
1582751312,89,89
1582754925,89,89
1582758517,89,89
1582762177,95,95
1582765737,95,95
1582769351,98,98
1582772956,84,84
1582776561,82,82
1582780131,79,79
1582783723,81,81
1582787327,82,82
1582790946,83,83
1582794532,81,81
1582798117,81,81
1582801716,78,78
1582805340,77,77
1582808934,77,77
1582812548,79,79
1582816156,80,80
1582819725,78,78
1582823339,78,78
1582826966,81,81
1582830558,80,80
1582834120,83,83
1582837730,81,81
1582841344,81,81
1582844936,79,79
1582848540,80,80
1582852144,107,107
1582855763,101,101
1582859359,98,98
1582862950,75,75
1582870145,75,75
1582873738,75,75
1582877341,79,79
1582880960,75,75
1582884527,71,71
1582888158,67,67
1582895367,71,71
1582898938,75,75
1582902542,79,79
1582906126,79,79
1582909745,79,79
1582913340,76,76
1582916933,72,72
1582924156,71,71
1582931341,70,70
1582934984,77,77
1582938528,81,81
1582942126,85,85
1582945728,70,70
1582949348,70,70
1582956534,67,67
1582963726,72,72
1582967335,71,71
1582978130,67,67
1582981731,71,71
1582996143,75,75
1582999760,71,71
1583003328,67,67
1583006947,68,68
1583010533,67,67
1583014149,71,71
1583017751,70,70
1583024973,86,86
1583032147,86,86
1583035719,71,71
1583042951,75,75
1583050108,72,72
1583057301,76,76
1583060892,75,75
1583075297,71,71
1583082497,71,71
1583086117,76,76
1583093353,73,73
1583096909,77,77
1583104102,80,80
1583107719,80,80
1583111303,95,95
1583114922,91,91
1583118521,87,87
1583122106,59,59
1583154523,58,58
1583176126,59,59
1583186929,60,60
1583197712,69,69
1583208541,58,58
1583219309,59,59
1583230116,58,58
1583233720,59,59
1583244528,58,58
1583262510,59,59
1583273320,58,58
1583276940,59,59
1583284130,71,71
1583287711,70,70
1583294910,54,54
1583316500,53,53
1583320096,54,54
1583356105,55,55
1583359691,54,54
1583363288,55,55
1583370501,66,66
1583381309,39,39
1583392129,40,40
1583402939,39,39
1583406522,41,41
1583417337,39,39
1583446135,38,38
1583456922,55,55
1583467709,45,45
1583474907,46,46
1583478505,47,47
1583489295,46,46
1583492913,47,47
1583496505,48,48
1583503684,47,47
1583521709,46,46
1583525316,47,47
1583536129,46,46
1583539691,48,48
1583543309,61,61
1583546899,60,60
1583554095,47,47
1583557688,48,48
1583572094,47,47
1583579320,46,46
1583582890,47,47
1583611714,48,48
1583618917,47,47
1583629706,74,74
1583640512,62,62
1583644098,61,61
1583654908,62,62
1583665702,61,61
1583672897,62,62
1583680124,61,61
1583683695,61,61
1583698105,62,62
1583708909,61,61
1583716105,76,76
1583726908,59,59
1583752110,61,61
1583755730,60,60
1583762899,59,59
1583773706,58,58
1583777325,57,57
1583788136,58,58
1583798950,77,77
1583806110,77,77
1583809733,69,69
1583816924,68,68
1583849323,69,69
1583860343,68,68
1583867311,69,69
1583878099,70,70
1583885316,69,69
1583888911,74,74
1583892499,76,76
1583896097,75,75
1583899713,47,47
1583903365,46,46
1583932099,45,45
1583935709,46,46
1583939320,47,47
1583946508,46,46
1583950112,45,45
1583975316,60,60
1583986109,49,49
1583989713,48,48
1584022146,47,47
1584025720,48,48
1584036528,47,47
1584050928,48,48
1584061718,64,64
1584068906,65,65
1584072501,48,48
1584079703,48,48
1584094116,49,49
1584104904,48,48
1584112125,49,49
1584122908,48,48
1584148108,56,56
1584155316,57,57
1584158913,48,48
1584191303,47,47
1584198493,48,48
1584209304,47,47
1584223707,48,48
1584234505,59,59
1584241703,60,60
1584245321,47,47
1584248912,47,47
1584252506,45,45
1584256127,46,46
1584259742,45,45
1584263305,44,44
1584266916,45,45
1584277714,46,46
1584281299,46,46
1584284926,47,47
1584288514,46,46
1584295702,46,46
1584302905,45,45
1584306500,46,46
1584310125,45,45
1584313730,45,45
1584317333,45,45
1584320909,68,68
1584324500,73,73
1584328094,74,74
1584331711,58,58
1584335310,58,58
1584338891,60,60
1584342507,60,60
1584346126,57,57
1584349676,60,60
1584353301,61,61
1584356900,63,63
1584360504,64,64
1584364107,60,60
1584367710,58,58
1584371284,56,56
1584374907,60,60
1584378495,62,62
1584385695,61,61
1584389306,62,62
1584392908,61,61
1584396481,56,56
1584400123,57,57
1584403756,78,78
1584407305,81,81
1584410893,82,82
1584414500,81,81
1584418108,80,80
1584421697,78,78
1584425313,77,77
1584428915,76,76
1584432514,70,70
1584436108,66,66
1584439726,72,72
1584443319,70,70
1584446921,71,71
1584450547,73,73
1584454111,75,75
1584457730,79,79
1584461319,80,80
1584464929,81,81
1584468526,83,83
1584472125,83,83
1584475724,83,83
1584479338,81,81
1584482916,78,78
1584486516,76,76
1584490151,78,78
1584493731,100,100
1584497329,99,99
1584500921,99,99
1584504534,90,90
1584508154,88,88
1584511726,88,88
1584515297,83,83
1584518935,86,86
1584522515,90,90
1584526116,89,89
1584529712,90,90
1584533328,90,90
1584536916,90,90
1584540525,88,88
1584544108,88,88
1584547729,89,89
1584551314,89,89
1584554923,91,91
1584558506,90,90
1584562121,90,90
1584565729,89,89
1584569294,83,83
1584572915,83,83
1584576589,95,95
1584580117,95,95
1584583697,92,92
1584587306,72,72
1584590934,71,71
1584594528,71,71
1584598124,72,72
1584601734,71,71
1584605288,72,72
1584608934,72,72
1584612513,71,71
1584623320,71,71
1584626887,72,72
1584630526,72,72
1584634114,72,72
1584637730,75,75
1584641316,75,75
1584648505,72,72
1584652112,72,72
1584655738,71,71
1584662927,72,72
1584666502,91,91
1584673709,89,89
1584677322,73,73
1584680879,72,72
1584698910,73,73
1584702513,75,75
1584706116,76,76
1584709706,75,75
1584713311,75,75
1584716905,74,74
1584720529,75,75
1584724114,74,74
1584731334,74,74
1584738517,75,75
1584742103,74,74
1584756517,73,73
1584763721,75,75
1584767312,74,74
1584774545,72,72
1584778138,73,73
1584817720,71,71
1584821325,72,72
1584914920,71,71
1584918532,72,72
1584990532,71,71
1584994135,72,72
1585028140,73,73
1585048101,72,72
1585145334,73,73
1585152535,72,72
1585156142,73,73
1585217360,72,72
1585228146,73,73
1585300143,72,72
1585307339,73,73
1585343323,72,72
1585346927,73,73
1585487354,72,72
1585490935,73,73
1585635066,72,72
1585653070,73,73
1585692673,72,72
1585696263,73,73
1585761327,72,72
1585764930,73,73
1585772131,72,72
1585775732,73,73
1585797323,72,72
1585800921,73,73
1585811736,72,72
1585815294,73,73
1585826119,72,72
1585829731,73,73
1585844134,72,72
1585854855,73,73
1585905292,72,72
1585919715,73,73
1585944900,72,72
1585948125,73,73
1586027320,72,72
1586030934,73,73
1586041719,72,72
1586048928,73,73
1586200139,72,72
1586203712,73,73
1586243327,72,72
1586275723,69,69
1586282921,70,70
1586344115,69,69
1586365732,65,65
1586372913,66,66
1586387323,65,65
1586390922,66,66
1586423316,65,65
1586441330,66,66
1586488116,65,65
1586495329,66,66
1586509730,65,65
1586516915,66,66
1586520516,67,67
1586545725,66,66
1586549313,67,67
1586592523,66,66
1586596105,67,67
1586606914,66,66
1586614120,67,67
1586646523,66,66
1586653717,67,67
1586668110,68,68
1586704106,67,67
1586707715,68,68
1586783300,67,67
1586790523,68,68
1586815725,67,67
1586819316,68,68
1586826525,69,69
1586837326,68,68
1586855340,67,67
1586866134,68,68
1586884137,67,67
1586887714,68,68
1586938099,67,67
1586952530,68,68
1587046114,67,67
1587049710,70,70
1587053305,72,72
1587060501,69,69
1587064105,68,68
1587074932,67,67
1587082106,68,68
1587175743,71,71
1587190110,70,70
1587193709,71,71
1587226119,70,70
1587229708,71,71
1587247736,70,70
1587251316,71,71
1587262120,70,70
1587276528,71,71
1587294547,72,72
1587362919,73,73
1587370127,72,72
1587373697,73,73
1587384538,74,74
1587395321,73,73
1587438527,73,73
1587449310,73,73
1587460142,72,72
1587474518,73,73
1587571732,72,72
1587575321,73,73
1587586134,72,72
1587596935,73,73
1587607715,72,72
1587629337,73,73
1587679723,72,72
1587686913,73,73
1587863316,72,72
1587866940,73,73
1587910102,72,72
1587913728,73,73
1587967734,72,72
1587971356,73,73
1587982103,72,72
1587985721,73,73
1588014516,72,72
1588018139,73,73
1588190921,72,72
1588194524,73,73
1588291720,72,72
1588295312,73,73
1588342132,72,72
1588352923,71,71
